id,name,region,coat_of_arms,words,founded,died_out
1,House Algood,The Westerlands,"A golden wreath, on a blue field with a gold border(Azure, a garland of laurel within a bordure or)",,,
2,House Allyrion of Godsgrace,Dorne,"Gyronny Gules and Sable, a hand couped Or","No Foe May Pass",,
3,House Amber,The North,,,,
4,House Ambrose,The Reach,"Or, semy of ants gules","Never Resting",,
5,House Appleton of Appleton,The Reach,"Or, an apple tree eradicated proper fructed gules, quartered with argent, a gatehouse cendrée",,,
6,House Arryn of Gulltown,The Vale,,,,
7,House Arryn of the Eyrie,The Vale,"A sky-blue falcon soaring against a white moon, on a sky-blue field(Bleu celeste, upon a plate a falcon volant of the field)","As High as Honor",Coming of the Andals,
8,House Ashford of Ashford,The Reach,"Tenny, a sun in splendour beneath a chevron inverted argent","Our Sun Shines Bright",,
9,House Ashwood,The North,,,,
10,House Baelish of Harrenhal,The Riverlands,"A field of silver mockingbirds, on a green field(Vert, semé of mockingbirds argent)",,299 AC,
11,House Baelish of the Fingers,The Vale,"A grey stone head with fiery eyes, on a light green field(Vert, a stone head cendrée, orbed gules)",,,
12,House Ball,The Reach,"Three white plates upon a chevron red on a white field",,,
13,House Banefort of Banefort,The Westerlands,"A black hooded man, on a grey field, within a fiery tressure(Cendrée, a hooded man sable within a tressure rayonné along the outer edge gules)",,,
14,House Bar Emmon of Sharp Point,The Crownlands,"Fretty argent and white, a swordfish embowed haurient azure",,,
15,House Baratheon of Dragonstone,The Crownlands,"Or, a heart gules enflamed proper charged with a stag's head sable crowned of the field",,284 AC,
16,House Baratheon of King's Landing,The Crownlands,"A black crowned stag and a gold lion, combatant, on a per pale gold and crimson field(Per pale or and gules, a stag, crowned, sable and a lion of the first combatant)",,283 AC,
17,House Baratheon of Storm's End,The Stormlands,"A black crowned stag, on a gold field(Or, a stag salient, crowned, sable)","Ours is the Fury",1 AC,
18,House Beesbury of Honeyholt,The Reach,"Paly or and sable, on a pale of the last three beehives of the first","Beware our Sting",,
19,House Belmore of Strongsong,The Vale,"Six silver bells, 3, 2, 1, on a purple field(Purpure, six bells, 3, 2, 1, argent)",,,
20,House Bettley,The Westerlands,"Three blue beetles, on a gold field(Or, three beetles azure)",,,
21,House Bigglestone,The Riverlands,,,,
22,House Blackbar of Bandallon,The Reach,"Argent, a fess sable",,,
23,House Blackfyre of King's Landing,,"Gules, a three headed dragon breathing flames sable",,184 AC,260 AC
24,House Blackmont of Blackmont,Dorne,"A black vulture with a pink infant in its claws, on yellow",,,
25,House Blackmyre,The Neck,,,,
26,House Blacktyde of Blacktyde,Iron Islands,"Vairy vert and sable",,,
27,House Blackwood of Raventree Hall,The Riverlands,"A flock of ravens surrounding a black shield charged with a dead weirwood, on a scarlet field(Gules, on an escutcheon sable a dead weirwood tree proper, all within an orle of ravens volant sable)",,Age of Heroes,
28,House Blanetree,The Riverlands,"Green and brown maple leaves, strewn across a yellow field(Or, semé of maple leaves vert and tenné)",,,
29,House Blount,The Crownlands,"A red bend sinister between two black porcupines, on a green field(Vert, a bend sinister gules between two porcupines sable)",,,
30,House Boggs,The North,,,,
31,House Boggs of Crackclaw Point,The Crownlands,,,,
32,House Bole,The North,,,,
33,House Bolling,The Stormlands,"Vairy orange and blue, upon a black canton, a golden stag beneath an orange bend sinister(Vairy tenné and azure, on a canton sable a stag or debruised by a bend sinister of the first)",,,
34,House Bolton of the Dreadfort,The North,"A red flayed man on pink de sang","Our Blades are Sharp",Age of Heroes,
35,House Borrell of Sweetsister,The Vale,"A white spider crab, on a grey-green field(Vert-cendrée, a spider crab argent)",,,
36,House Botley of Lordsport,Iron Islands,"Vert, semy of fishes argent",,,
37,House Bracken of Stone Hedge,The Riverlands,"A red stallion upon a gold shield, on a brown field(Tenné, on an escutcheon or a stallion rampant gules)",,Age of Heroes,
38,House Branch,The North,,,,
39,House Branfield,The North,,,,
40,House Brax of Hornvale,The Westerlands,"A purple unicorn, on a silver field(Argent, a unicorn rampant purpure)",,,
41,House Breakstone,The Vale,"A red sledge",,,
42,House Briar,Dorne,,,,
43,House Bridges,The Reach,"A black stone bridge with three arches upon a golden chief above three blue pallets on white",,,
44,House Brightstone,The Vale,,,,Andal invasion
45,House Brook,Dorne,,,,
46,House Broom,The Westerlands,"A silver helm crested with a sprig of broom, on a checkered black and green field(Chequy sable and vert, a helm argent, crested with a sprig of broom proper)",,,
47,House Brownhill,Dorne,,,,
48,House Brune of Brownhollow,The Crownlands,"Argent, a bear's paw erased within a double tressure tenné",,,
49,House Brune of the Dyre Den,The Crownlands,,,,
50,House Buckler of Bronzegate,The Stormlands,"Three brass buckles, on a blue field(Azure, three buckles or)",,,
51,House Buckwell of the Antlers,The Crownlands,"A rack of golden antlers, on a field of vair(Vair, a stag's attire or)","Pride and Purpose",,
52,House Bulwer of Blackcrown,The Reach,"Sanguine, a bull`s skull argent","Death Before Disgrace",,
53,House Burley,The North,"White, upon a pile azure a knife white",,,
54,House Bushy,The Reach,"A green fess embattled on white",,,
55,House Butterwell,The Riverlands,"Barry wavy green, white, and yellow(Barry wavy vert, argent, and or)",,,
56,House Byrch,The Crownlands,"Gryonny white and black quartered with a silver axe on a green field(Quarterly, first and fourth, gyronny argent and sable, second and third, vert, an axe palewise argent)",,,
57,House Bywater,The Crownlands,"Blue frets on a white field, three silver fish on a blue chief(Argent fretty azure, on a chief of the second three fish of the field)",,,
58,House Cafferen of Fawnton,The Stormlands,"Two white fawns counter salient, on a green field(Vert, two fawns counter-salient argent)",,,
59,House Cargyll,The Crownlands,"Bendy sinister sable and gules, a goose Or",,,after 209 AC
60,House Caron of Nightsong,The Stormlands,"A field of black nightingales on yellow(Or, semé of nightingales sable)","No Song so Sweet",,
61,House Cassel,The North,"Ten white wolf heads, 4-3-2-1, on grey with a black border",,,
62,House Casterly of Casterly Rock,The Westerlands,,,Age of Heroes,
63,House Caswell of Bitterbridge,The Reach,"Argent, a centaur with bow or",,,
64,House Cave,The Crownlands,,,,
65,House Celtigar of Claw Isle,The Crownlands,"Argent, semy of crabs gules",,prior to ~112 years before the Conquest,
66,House Cerwyn of Cerwyn,The North,"Argent, a battle-axe paleways sable","Honed and Ready",,
67,House Chambers,The Riverlands,,,,
68,House Charlton,The Riverlands,"Three sprigs of mistletoe, green and red, on a gold field within a green border(Or, three sprigs of mistletoe vert, fructed gules, within a bordure of the second)",,,
69,House Chelsted,The Crownlands,"Per bend green and white shield, a spiked mace and a silver dagger crossed(Per bend vert and argent, in pale a mace surmounted by a dagger in fesse of the second)",,,
70,House Chester of Greenshield,The Reach,"A green hand on a gold escutcheon on a green field, a border of red rayonne",,,
71,House Chyttering,The Crownlands,"Three golden enhanced bendlets on a white shield(Argent, three bendlets enhanced or)",,,
72,House Clegane,The Westerlands,"Three dogs on a yellow field(Or, three dogs courant in pale sable)",,,
73,House Clifton,The Westerlands,,,,
74,House Cockshaw,The Reach,"Sable, three feathers in fess gules argent and or",,,
75,House Codd,Iron Islands,,"Though All Men Do Despise Us",,
76,House Coldwater of Coldwater Burn,The Vale,"A blue pall with white borders, on a red field(Gules, a pall azure, fimbriated argent)",,,
77,House Cole,The Stormlands,"Ten black pellets, on a scarlet field(Gules, ten pellets, 4, 3, 2, 1)",,,
78,House Condon,The North,"An eagle's head between crossed tridents, red on white",,,
79,House Conklyn,The Reach,,,,
80,House Connington of Griffin's Roost,The Stormlands,"Two combatant griffins, counterchanged, on a red and white field(Per pale gules and argent, two griffins combatant counterchanged)",,,
81,House Corbray of Heart's Home,,"Three black ravens in flight, holding three red hearts, on a white field(Argent, three ravens volant sable, each clutching in their claws a heart gules)",,,
82,House Cordwayner of Hammerhal,The Reach,"Lozengny vert and or, a pair of boots sable",,,
83,House Costayne of Three Towers,The Reach,"Quarterly; sable, a chalice argent; or, a rose sable",,,
84,House Cox of Saltpans,,,,,
85,House Crabb,The Crownlands,,,,
86,House Crakehall of Crakehall,The Westerlands,"A brindled boar on a brown field(Tenné, a boar brindled sable and argent)","None so Fierce",,
87,House Crane of Red Lake,The Reach,"Azure, cranes in chevron or",,,
88,House Cray,The Neck,,,,
89,House Cressey,The Crownlands,"Seven silver coins on a red bend sinister, between two silver helmets, on a blue field(Azure, on a bend sinister gules seven plates, between two helmets argent)",,,
90,House Crowl of Deepdown,The North,"Pily gules and sable",,,
91,House Cuy of Sunhouse,The Reach,"Six yellow flowers on blue",,Andal Invasion,
92,House Dalt of Lemonwood,Dorne,"Purpure, semy of lemons Or",,,
93,House Dargood,The Crownlands,,,,
94,House Darke,The Crownlands,,,,
95,House Darklyn of Duskendale,The Crownlands,"Fusily sable and or, upon a pale in dexter gules seven escutcheons argent",,Age of Heroes,277 AC
96,House Darkwood,The Crownlands,,,,
97,House Darry of Darry,The Riverlands,"A black plowman on a brown field(Tenné, a plowman sable)",,,
98,House Dayne of High Hermitage,Dorne,,,,
99,House Dayne of Starfall,Dorne,"A white sword and falling star crossed on lilac (Purpure, a blazing star bendways surmounted by a sword bendways sinister argent)",,,
100,House Deddings,The Riverlands,,,,
101,House Doggett,The Westerlands,"Per bend, a white unicorn on a green field, a black raven on a white field(Per bend vert and argent, in sinister chief a unicorn rampant of the second, and in dexter base a raven closed sable)",,,
102,House Dondarrion of Blackhaven,The Stormlands,"A forked purple lightning bolt, on black field speckled with four-pointed stars(Sable, semé of mullets of four points argent, a lightning bolt forked purpure)",,Before 1 AC,
103,House Donniger,The Vale,"A red sun rising from a grey-green sea, against a yellow sky(Per fesse wavy or and vert-cendrée, a demi-sun-in-splendour issuant from the line of division gules)",,,
104,House Drinkwater,Dorne,,,,
105,House Drox,The Westerlands,"Three black crossbows, on a gold field with a black border(Or, three crossbows within a bordure sable)",,,
106,House Drumm of Old Wyk,Iron Islands,"Gules, a bone hand argent",,,
107,House Dryland,Dorne,,,,Rhoynar migration
108,House Dunn,The Reach,"per pale black and pink, a countercharged two-headed pelican",,,
109,House Durrandon,The Stormlands,"A black crowned stag, on a gold field(Or, a stag salient, crowned, sable)","Ours is the Fury",Age of Heroes,1 AC
110,House Durwell,The Reach,,,,
111,House Dustin of Barrowton,The North,"Two rusted longaxes with black shafts crossed, a black crown between their points, on yellow",,,
112,House Edgerton,The Crownlands,"Purpure, a wheel flaming tenny quartered with half-fusilly sable and argent",,,
113,House Egen,The Vale,"A yellow sun, white crescent moon, and silver star on a blue chief, above a white field(Argent, on a chief azure a moon increscent of the first between a sun-in-splendour or and a mullet of the first)","By Day or Night",,
114,House Elesham of the Paps,The Vale,"A black star between an inverted stone-coloured double-pile, on a pink field(Carnation, a mullet sable between two piles issuant from base cendrée)",,,
115,House Erenford,The Riverlands,"A golden heron, beak and legs black, standing with a silver fish in its beak, on a pink field(Carnation, a heron or, beaked and membered sable, clasped in its mouth a fish argent)",,,
116,House Errol of Haystack Hall,The Stormlands,"A yellow haystack, on an orange field(Tenné, a haystack or)",,,
117,House Estermont of Greenstone,The Stormlands,"A dark-green sea-turtle on a pale-green field(Vert, a sea-turtle tergiant of the field)",,,
118,House Estren of Wyndhall,The Westerlands,"A green saltire between four red double-headed eagles, on a white field(Argent, a saltire vert between four double-headed eagles displayed gules)",,,
119,House Falwell,The Westerlands,"A fool in red and gold motley juggling five suns, on a black field(Sable, a fool proper clothed in motley gules and or, juggling five suns-in-splendour of the last)",,,
120,House Farman of Faircastle,The Westerlands,"Three silver ships on a blue field with a border of crimson and gold(Azure, three galleys argent within a bordure compony gules and or)",,,
121,House Farring,The Crownlands,"Per pale purpure and argent, two knights combatant crossing swords counterchanged",,,
122,House Farwynd of Sealskin Point,Iron Islands,,,,
123,House Farwynd of the Lonely Light,Iron Islands,"Per fess wavy tenny and sable, a demi-torteaux gules issuant from the division surmounted by a longship sailing upon the division of the second",,,
124,House Fell of Felwood,The Stormlands,"Per fess, a white crescent moon on a black field above a green field, a sprucetree line between(Per fess sapinagé vert and sable, in dexter chief a moon increscent argent)",,,
125,House Fenn,The Neck,"Purpure, three water lilies sable",,,
126,House Ferren,The Westerlands,"Per saltire, checkered red and gold, a silver and black ferret on a green field(Per saltire chequy gules and or and vert, in each flank point a ferret argent and sable)",,,
127,House Fisher,The Riverlands,"A crowned catfish, spotted grey, on a blue field(Azure, a catfish cendrée, crowned or)",,,
128,House Fisher of the Stony Shore,The North,,,,
129,House Flint  of the mountains,The North,,,,
130,House Flint of Breakstone Hill,The North,,,,
131,House Flint of Flint's Finger,The North,"Paly sable and cendrée on a pall inverted argent a hand couped of the second",,,
132,House Flint of Widow's Watch,The North,"Azure, semy of whitecaps argent on a chief wavy Or two eyes of the second irised of the first and pupiled sable","Ever Vigilant",,
133,House Florent of Brightwater Keep,The Reach,"A red fox in a circle of blue flowers on ermine",,,
134,House Follard,The Crownlands,"Gyronny gules and argent, on a canton Or a fool's cap two peaked of the first and second","None so Wise",,
135,House Foote,The Westerlands,"A copper dagger across a black chevron, on a white field(Argent, a chevron reversed sable, surmounted by a dagger erect tenné)",,,
136,House Foote of Nightsong,The Stormlands,,,299 AC,
137,House Footly of Tumbleton,The Reach,"a field of silver caltrops on black","Tread Lightly Here",,
138,House Forrester,The North,"an ironwood tree outline with a sword outline drawn inside it, pointing down. (Telltale)","Iron from Ice (Telltale)",,
139,House Fossoway of Cider Hall,The Reach,"Or, an apple gules","Taste of Glory",,
140,House Fossoway of New Barrel,The Reach,"Or, an apple vert",,209 AC,
141,House Fowler of Skyreach,Dorne,"Argent, a hooded hawk trussed azure","Let Me Soar",,
142,House Frey of Riverrun,The Riverlands,,,299 AC,
143,House Frey of the Crossing,The Riverlands,"Two blue towers, united by a bridge, on a silver-grey field(Cendrée, a bridge azure, at either end a tower of the same)",,600 years ago,
144,House Frost,The North,,,,
145,House Gardener of Highgarden,The Reach,"Argent, a hand couped vert",,Age of Heroes,1 AC in the War of Conquest
146,House Gargalen of Salt Shore,Dorne,"Or, a cockatrice gules, in its beak a serpent sable",,,
147,House Garner,The Westerlands,"Three grey owls upon white plates, on a green field(Vert, three plates, each charged with an owl close affronté cendrée)",,,
148,House Gaunt,The Crownlands,"Purpure, three lances palewise in fess between two flaunches sable",,,
149,House Glenmore,The North,,,,
150,House Glover of Deepwood Motte,The North,"Gules, a gauntlet argent",,,
151,House Goodbrook,The Riverlands,"A blue wavy bend, on a gold field(Or, a bend wavy azure)",,,
152,House Goodbrother of Corpse Lake,Iron Islands,,,,
153,House Goodbrother of Crow Spike Keep,Iron Islands,,,,
154,House Goodbrother of Downdelving,Iron Islands,,,,
155,House Goodbrother of Hammerhorn,Iron Islands,"Gules, a warhorn sable banded or.",,,
156,House Goodbrother of Orkmont,Iron Islands,,,,
157,House Goodbrother of Shatterstone,Iron Islands,,,,
158,House Gower,The Stormlands,"Nine yellow trefoils on a black cross, on an ermine field(Ermine, on a cross sable nine trefoils or)",,,
159,House Graceford of Holyhall,The Reach,"Tenny, on a pale wavy argent the Mother's face proper","Work Her Will",,
160,House Grafton of Gulltown,The Vale,"A yellow tower, burning, on a black pile, on a flame-red field(Gules, on a pile sable a tower or with flames issuant from the battlements proper)",,,
161,House Grandison of Grandview,The Stormlands,"A black sleeping lion, on a yellow field(Or, a lion dormant sable)","Rouse Me Not",,
162,House Graves,The Reach,"Green and white gyronny, a double-headed eagle counter-charged, gold beak and talons",,,
163,House Greenfield of Greenfield,The Westerlands,"A white double-tressure, on a green field(Vert, a double-tressure argent)",,,
164,House Greengood,The Neck,,,,
165,House Greenwood,The North,,,,
166,House Grell,The Riverlands,"Three red martlets on a white bend, on a blue field(Azure, on a bend argent three martlets gules)",,,
167,House Grey,The Riverlands,,,,
168,House Greyiron of Orkmont,Iron Islands,"The sea king's head, white with dark green seaweed beard and hair, a black crown on a grey field",,,
169,House Greyjoy of Pyke,Iron Islands,"Sable, a kraken Or","We Do Not Sow",Age of Heroes,
170,House Greystark of Wolf's Den,The North,,,,
171,House Grimm of Greyshield,The Reach,"An iron escutcheon with silver studs on a grey-green field strewn with longships proper",,,
172,House Haigh,The Riverlands,"A black pitchfork on a gold bend sinister, on a russet field(Tenné, on a bend sinister or a pitchfork sable)",,,
173,House Hamell,The Westerlands,"An erminois maunch, on a pink field with an erminois border(Carnation, a maunch within a bordure erminois)",,,
174,House Harclay,The North,"Azure, on a bend argent a hurt between an increscent and decrescent of the first",,,
175,House Hardy,The Crownlands,,,,
176,House Hardyng,The Vale,"A field of red and white diamonds(Lozengy argent and gules)",,,
177,House Harlaw of Grey Garden,Iron Islands,"Quartered: a silver scythe on black, a peacock on cream",,,
178,House Harlaw of Harlaw,Iron Islands,"Sable, a scythe argent",,,
179,House Harlaw of Harlaw Hall,Iron Islands,"Per bend black and silver, two scythes counterchanged",,,
180,House Harlaw of Harridan Hill,Iron Islands,"the Harlaw scythe on a pale blue field",,,
181,House Harlaw of the Tower of Glimmering,Iron Islands,"The Harlaw scythe girdled within an embattled border.",,,
182,House Harlton,The Riverlands,"A silver tree on green",,,
183,House Harroway of Harrenhal,The Riverlands,"Per bend sinister orange and sable rayonné, a castle counterchanged(Per bend sinister rayonné tenné and sable, a castle counterchanged)",,,44 AC
184,House Harte,The Crownlands,"Three red hart's heads caboshed on a white bend on vair",,,
185,House Hastwyck,The Reach,"Barry olive and ivory","None so Dutiful",,
186,House Hasty,The Stormlands,"A white bend cotised, on a purple field(Purpure, a bend cotised argent)",,,
187,House Hawick of Saltpans,The Riverlands,"White seabirds strewn across a blue field(Azure, semé of seabirds argent)",,,
188,House Hawthorne,The Westerlands,"A ring of black thorns and a ring of pink flowers, interlocked, on a green field(Vert, two interlocking annulets, one composed of thorns sable, the other of flowers carnation)",,,
189,House Hayford of Hayford,The Crownlands,"Green fretty over gold, a green pale wavy",,,
190,House Heddle,The Riverlands,,,,
191,House Herston,The Stormlands,"A yellow rooster's head with red comb, within a white escutcheon, on a red field(Gules, on an escutcheon argent, a cock's head or, combed and wattled of the field)",,,
192,House Hersy of Newkeep,The Vale,"A white winged chalice, on a pink field(Carnation, a winged cup displayed argent)",,,
193,House Hetherspoon,The Westerlands,"An oak spoon within a white cartouche, on a field of orange and black diamonds(Lozengy tenné and sable, on a cartouche argent a spoon or)",,,
194,House Hewett of Oakenshield,The Reach,"an oaken escutcheon studded with iron on a field bendy of undulating blue and white",,,
195,House Hightower of the Hightower,The Reach,"Cendrée, a tower argent with a beacon on fire gules","We Light the Way",Age of Dawn,
196,House Hoare of Orkmont,Iron Islands,"Per saltire, two heavy silver chains crossing between a gold longship on a black field, a dark green pine on a white field, a cluster of red grapes on a gold field, and a black raven flying in a blue sky.",,,2 BC
197,House Hogg of Sow's Horn,The Crownlands,,,,
198,House Hollard,The Crownlands,"Barry gules and carnation, a chief azure with three crowns Or",,,300 AC
199,House Holt,Dorne,,,,
200,House Holt,The North,,,,
201,House Hook,The Riverlands,,,,
202,House Hornwood of Hornwood,The North,"Tenny, a bull moose trippant proper","Righteous in Wrath",,
203,House Horpe,The Stormlands,"Per chevron engrailed grey and bone, three death's head moths counterchanged(Per chevron reversed engrailed cendrée and argent, three death's head moths counterchanged)",,,
204,House Hull,Dorne,,,,
205,House Humble,Iron Islands,,,,
206,House Hunt,The Reach,"Argent, a deer bound and slung on a pole fesswise tenny",,,
207,House Hunter of Longbow Hall,The Vale,"Five silver arrows, fanned, on a brown field(Tenné, a sheaf of five arrows, points to chief, argent)",,,
208,House Hutcheson,The Reach,"Or, two bendlets between in base dexter a hand pointing to chief sinister, and in chief sinister a sun in splendour gules",,,
209,House Inchfield,The Reach,"Cendrée, a bend sinister chequy sable and argent",,,
210,House Ironmaker,Iron Islands,,,,
211,House Ironsmith,The North,"Or, a sword palewise between four horseshoes sable all within a bordure vert",,,
212,House Jast,The Westerlands,"An inverted yellow pall between three yellow lions' heads, on a black field(Sable, a pall reversed between three lions' heads erased or)",,,
213,House Jordayne of the Tor,Dorne,"Chequy light and dark green, a quill or.","Let it be Written",,
214,House Justman,The Riverlands,"Golden scales within a blue a double tressure, on a white field(Argent, a pair of balances or within a double-tressure azure)",,,
215,House Karstark of Karhold,The North,"Sable, a sunburst argent","The Sun of Winter",One thousand years ago,
216,House Keath,The Riverlands,"Quarterly of nine; a white fish on a grey field; a gold fish hook on a white field(Quarterly of nine, first, third, fifth, seventh and ninth cendrée, a fish argent; second, fourth, sixth and eight argent, a fish-hook or)",,,
217,House Kellington,The Stormlands,"A black book bound in bronze, locked, on a pale blue field(Azure, a locked book sable, edged and garnished tenné)",,,
218,House Kenning of Harlaw,Iron Islands,"Sable, issuant from a cloud bank in chief the Storm God's hand cendrée with lightning flashing from its fingertip Or",,,
219,House Kenning of Kayce,The Westerlands,"Four sunbursts counterchanged on a quartered orange and black field(Quarterly tenné and sable, four suns-in-splendour counterchanged)",,,
220,House Kettleblack,The Crownlands,"Gules, a kettle within an orle sable",,,
221,House Kidwell of Ivy Hall,The Reach,"Cendrée masoned sable, semy of ivy leaves vert",,,
222,House Knott,The North,"Argent, a saltire surmounted by a fret tenny",,,
223,House Kyndall,The Westerlands,,,,
224,House Ladybright,Dorne,,,,
225,House Lake,Dorne,,,,
226,House Lake,The North,"Tenny, seven pommes arranged 2-2-2-1",,,
227,House Langward,The Crownlands,"Per fess undy: A crown of white stars on burgundy above black",,,
228,House Lannett,The Westerlands,,,,
229,House Lannister of Casterly Rock,The Westerlands,"A gold lion, on a crimson field(Gules, a lion or)","Hear Me Roar!",Age of Heroes,
230,House Lannister of Darry,The Riverlands,"Quarterly, a gold lion on a red field; a black plowman on a brown field(Quarterly, first and fourth gules a lion rampant or (for Lannister), second and third tenné a plowman sable (for Darry))",,299 AC,
231,House Lannister of Lannisport,The Westerlands,,,,
232,House Lanny,The Westerlands,,,,
233,House Lantell,The Westerlands,,,,
234,House Lefford of the Golden Tooth,The Westerlands,"A golden inverted pile on a sky-blue field, a yellow sun in the first(Bleu celeste, a pile reversed or, in canton a sun-in-splendor of the same)",,Andal invasion,
235,House Leygood,The Reach,"Tenny, three thunderbolts in fess sable",,,
236,House Liddle,The North,"Per pale argent and vert, a fir tree line between, three brown pinecones on the argent",,,
237,House Lightfoot,The North,"Tenny, a trail of footprints in bend sinister argent",,,
238,House Lipps,The Vale,"Two large pink lips, on a dark blue field(Azure, a pair of lips carnation)",,,
239,House Locke of Oldcastle,The North,"Two bronze keys crossed on an argent pale on purpure.",,,
240,House Lolliston,The Riverlands,"Three oaken barrels, on a white field(Argent, three oaken barrels proper)",,,
241,House Long,The North,,,,
242,House Longthorpe of Longsister,The Vale,,,,
243,House Longwaters,The Crownlands,,,,
244,House Lonmouth,The Stormlands,"Quartered of six: red lips strewn on a yellow field, yellow skulls strewn on a black field(Quarterly of six, first, third and fifth, or, semé of lips gules, second, fourth and sixth, sable, semé of skulls of the first)","The Choice is Yours",,
245,House Lorch,The Westerlands,"A black manticore on a white field, beneath a crimson chief with three gold coins(Argent, a manticore passant sable, on a chief gules three bezants)",,,
246,House Lothston of Harrenhal,The Riverlands,"A black bat on a field per bend, silver and gold(Per bend argent and or, a bat displayed sable)",,151 AC (House Lothston of Harrenhal),After 212 AC
247,House Lowther,The Reach,"A silver dolphin on a blue-green field",,,
248,House Lyberr,The Reach,"Per bend sinister: a grey cat's face on black, a brown jug on white",,,
249,House Lychester,The Riverlands,"A black talon, on an orange and white gyronny field(Gyronny tenné and argent, an eagle's leg erased sable)",,,
250,House Lydden of Deep Den,The Westerlands,"A white badger on a per pale green and brown field(Per pale vert and tenné, a badger passant argent)",,,
251,House Lynderly of the Snakewood,The Vale,"A black field strewn with green vipers(Sable, semé of snakes vert)",,,
252,House Magnar of Kingshouse,The North,"Argent, a lobster vert holding a harpoon sable",,,
253,House Mallery,The Crownlands,"Purpure, six mullets argent",,,
254,House Mallister of Seagard,The Riverlands,"A silver eagle, displayed, on an indigo field(Purpure, an eagle displayed argent)","Above the Rest",,
255,House Manderly of White Harbor,The North,"A white merman with dark green hair, beard and tail, carrying a black trident, on a blue-green field",,,
256,House Manning,The Crownlands,"A red sea lion between two black pallets on white",,,
257,House Manwoody of Kingsgrave,Dorne,"Sable, a skull argent crowned or.",,,
258,House Marbrand of Ashemark,The Westerlands,"An orange burning tree, on a smoky field(Cendrée, a tree in flame tenné)","Burning bright",,
259,House Marsh,The North,"Or, ten frogs vert",,,
260,House Massey of Stonedance,The Crownlands,"A triple spiral; red, green and blue, on white",,Age of Heroes,
261,House Meadows of Grassy Vale,The Reach,"a border of flowers of many colors and varieties on green",,,
262,House Melcolm of Old Anchor,The Vale,"A rusty anchor, on a turquoise field, beneath yellow chief with three blue plates(Azure, an anchor tenné, on a chief or three hurts)",,,
263,House Merlyn of Pebbleton,Iron Islands,"Argent, Twining waterspouts vert",,,
264,House Merryweather of Longtable,The Reach,"White, a cornucopia Or spilling foods proper within a bordure Or","Behold Our Bounty",,
265,House Mertyns of Mistwood,The Stormlands,"A white great horned owl on a grey field(Cendrée, a great-horned owl close affronté argent)",,,
266,House Middlebury,The Reach,"Quarterly, a black saltire on yellow, green and white diamonds",,,
267,House Mollen,The North,"White, upon a pile vert a snowy pine tree proper",,,
268,House Moore,The Vale,"Three bronze spearheads, on a white field, within a bronze embattled border(Argent, three spearheads within a bordure embattled tenné)",,,
269,House Mooton of Maidenpool,The Riverlands,"A red salmon within a gold tressure, on a white field(Argent, a salmon gules within a tressure or)","Wisdom and Strength",,
270,House Moreland,The Westerlands,"Per pale barry russet and green(Per pale barry tenné and vert)",,,
271,House Mormont of Bear Island,The North,"A wood vert, a bear sable","Here We Stand",,
272,House Morrigen of Crow's Nest,The Stormlands,"A black crow in flight on a storm-green field(Vert, a crow volant sable)",,,
273,House Moss,The North,"A bend orange on vairy grey and green",,,
274,House Mudd of Oldstones,The Riverlands,"A golden crown studded with emeralds, on a red-brown field(Tenné, an ancient crown or studded with emeralds vert)",,,
275,House Mullendore of Uplands,The Reach,"Black-and-orange butterflies on white",,,
276,House Musgood,The Stormlands,"Quarterly: A golden pavilion on a blue field, a green laurel crown on a white field(Quarterly, first and fourth, azure, a pavilion or, second and third, argent, a garland of laurel vert)",,,
277,House Myatt,The Westerlands,"A spotted yellow-and-black treecat, on a mud-brown field(Tenné, a treecat or pelleté)",,,
278,House Myre of Harlaw,Iron Islands,"10 nooses, 4-3-2-1, black on white with a border of blood",,,
279,House Nayland of Hag's Mire,The Riverlands,,,,
280,House Netley,Iron Islands,,,,
281,House Norcross,The Reach,"Argent, a cross embattled sable",,,
282,House Norrey,The North,"Or,six thistles slipped vert",,,
283,House Norridge,The Reach,"Azure, six arrows in bend sable heads flaming gules",,,
284,House Nutt,The Riverlands,,,,
285,House Nymeros Martell of Sunspear,Dorne,"Tenny, a sun in splendour gules transfixed by a spear bendwise Or","Unbowed, Unbent, Unbroken",1000 years ago,
286,House Oakheart of Old Oak,The Reach,"Or, three oak leaves vert","Our Roots Go Deep",,
287,House Oldflowers,The Reach,"Vert, ten hands couped argent surmounted by a bend sinister gules",,,
288,House Orkwood of Orkmont,Iron Islands,"Or, semy of pines vert",,,
289,House Orme,The Reach,"Per fess sable and bendy Or and argent, in chief three harps in fess of the seocnd",,,
290,House Osgrey of Leafy Lake,The Reach,,,,before 210 AC
291,House Osgrey of Standfast,The Reach,"Argent, a lion rampant chequy vert and or",,,
292,House Overton,The North,"Sable, a fess chequy argent and Or",,,
293,House Paege,The Riverlands,"Twining red-and-white snakes, on a black field(Sable, two serpents argent and gules entwined palewise)",,,
294,House Parren,The Westerlands,"Per saltire: burgundy and white stripes; a black lion's head on a gold field(Per saltire, the first paly gules and argent, the second or, a lion's head erased sable)",,,after 209 AC
295,House Payne,The Westerlands,"Gold coins in the checks of a checkered purple and white field(Chequy purpure and argent, each chequer charged with a bezant)",,,
296,House Peake of Starpike,The Reach,"Tenny, three castles sable",,,
297,House Peasebury of Poddingfield,The Stormlands,"A green pea pod, burst open, on a white field, bordered by three rows of green peas(Argent, a pea pod open within a bordure of three rows of peas vert)",,,
298,House Peat,The Neck,,,,
299,House Peckledon,The Westerlands,"Ten purple stars, on a yellow field(Or, ten mullets, 4, 3, 2, 1, purpure)","Unflinching",,
300,House Penrose of Parchments,The Stormlands,"White crossed quills, on a russet field(Tenné, two quills saltirewise argent)","Set Down Our Deeds",,
301,House Perryn,The Riverlands,,,,
302,House Piper of Pinkmaiden,The Riverlands,"A pink dancing maiden in a swirl of white silk, on a blue field(Azure, a maiden dancing proper enwrapped with silk argent)","Brave and Beautiful",,
303,House Plumm,The Westerlands,"Three purple roundels, on a gold field(Or, three golpes)","Come Try Me",,
304,House Pommingham,The Reach,"A red pomegranate on white, a double tressure red",,,
305,House Poole,The North,"White, a roundel azure, a tressure cendrée",,,
306,House Prester of Feastfires,The Westerlands,"A red ox, on an ermine field(Ermine, an ox passant gules)","Tireless",,
307,House Pryor of Pebble,The Vale,"A partial eclipse, black moon over yellow sun, on a dusty pink field(Carnation, a sun-in-splendour or surmounted by a moon in her complement sable)",,,
308,House Pyle,The Crownlands,"A grey iron greathelm on white",,,
309,House Pyne,The Crownlands,,,,
310,House Qoherys of Harrenhal,The Riverlands,"A flaming red and yellow saltire between four white skulls, on a black field(Sable, a saltire rayonné gules, tipped or, between four skulls argent)",,ca. 1 AC,37 AC or shortly after
311,House Qorgyle of Sandstone,Dorne,"Gules, three scorpions sable.",,,
312,House Quagg,The Neck,,,,
313,House Rambton,The Crownlands,"Gules, a ram's head cabossed argent attired or",,,
314,House Redbeard,Beyond the Wall,,,300 AC,
315,House Redding,The Reach,"Gules, a flagon Or within a bordure chequy Or and argent",,,
316,House Redfort of Redfort,The Vale,"A red castle, on a white field, within a red embattled border(Argent, a castle within a bordure embattled gules)","As Strong as Stone",,
317,House Redwyne of the Arbor,The Reach,"Azure, a grape cluster proper",,,
318,House Reed of Greywater Watch,The Neck,"Vert, a lizard-lion sable",,,
319,House Reyne of Castamere,The Westerlands,"A red lion rampant regardant with a forked tail, with gold teeth and claws, on a silver field(Argent, a lion rampant regardant queue-fourché gules, armed and langued or)",,,261 AC
320,House Rhysling,The Reach,"An oaken door banded with iron, in a grey stone doorway, on black masonry",,,
321,House Risley,The Reach,"A black knight on a black rearing horse on white, bearing a golden lance and a white shield, upon which is seen the above in miniature",,,
322,House Rogers of Amberly,The Stormlands,"Nine silver unicorns around a silver maze, on a black field(Sable, a maze surrounded by an orle of nine unicorns rampant argent)",,,
323,House Rollingford,The Crownlands,"Six roundels fountain, 3-2-1, on grey",,,
324,House Roote of Lord Harroway's Town,The Riverlands,"A brown double-headed horse on a field of wavy green and green(Wavy vert and vert, a two-headed horse tenné)",,,
325,House Rosby of Rosby,The Crownlands,"Ermine, three chevronels gules",,,
326,House Rowan of Goldengrove,The Reach,"Argent, a tree eradicated",,,
327,House Roxton of the Ring,The Reach,"Bleu celeste, per saltire a chain of rings Or",,,
328,House Royce of Runestone,The Vale,"Black iron studs on a bronze field, bordered with runes(Tenné pelletée, an orle of ancient runes sable)","We Remember",Age of Heroes,
329,House Royce of the Gates of the Moon,The Vale,"A black portcullis over a white crescent moon, on a purple field, bordered with runes on bronze(Purpure, a moon increscent argent surmounted by a portcullis sable, all within a bordure tenné charged with ancient runes of the third)",,,
330,House Ruthermont,The Vale,"Five black starfish on a gold pale, on a field of pean(Pean, on a pale or five starfish sable)",,,
331,House Ruttiger,The Westerlands,"An orange engrailed bend, on a black field(Sable, a bend tenné engrailed)",,,
332,House Ryder of the Rills,The North,,,,
333,House Ryger of Willow Wood,The Riverlands,"A green weeping willow, on a white field(Argent, a willow-tree vert)",,,
334,House Rykker of Duskendale,The Crownlands,"Azure, a cross saltire argent charged with two crossed warhammers sable",,,
335,House Ryswell of the Rills,The North,"Bronze, a horse's head sable orbed and maned gules within a bordure engrailed sable",,,
336,House Saltcliffe of Saltcliffe,Iron Islands,"Argent, a serpent nine-headed sable",,,
337,House Santagar of Spottswood,Dorne,"Per bend sinister azure and argent, a leopard rampant Or spotted sable bearing an axe of the third",,Andal Invasion,
338,House Sarsfield of Sarsfield,The Westerlands,"A green arrow on a white bend, on a green field(Vert, on a bend argent an arrow of the field, point to dexter chief)","True to the Mark",,
339,House Sarwyck,The Westerlands,"A broken silver sword on red",,,
340,House Seaworth of Cape Wrath,The Stormlands,"A black ship on a pale grey field, with a white onion on its sails(Cendrée, a ship sable, its sail charged with an onion argent)",,284 AC,
341,House Selmy of Harvest Hall,The Stormlands,"Three stalks of yellow wheat, on a brown field(Tenné, three stalks of wheat or)",,,
342,House Serrett of Silverhill,The Westerlands,"A peacock in his pride, on a cream field(Argent, a peacock-in-his-pride proper)","I Have No Rival",,
343,House Serry of Southshield,The Reach,"Argent, an escutcheon gules charged with a rose of the first all within a bordure embattled of the second",,,
344,House Sharp,Iron Islands,,,,
345,House Shawney,The Riverlands,"Per fesse, a divided blue, red, green field above, a white catfish on a black field below(Per fesse, the first tierced in pale azure, gules and vert, the second sable, a catfish argent)",,,
346,House Shell,Dorne,,,,
347,House Shell,The Vale,,,,Andal invasion
348,House Shepherd,Iron Islands,,,,
349,House Shermer of Smithyton,The Reach,"a field of copper nails on blue, a copper border rayonne",,,
350,House Shett of Gull Tower,The Vale,"Three golden wings, bendwise, on a checkered white and black field(Chequy argent and sable, in bend three dexter wings elevated bendwise or)",,,
351,House Shett of Gulltown,The Vale,"Nine white seagulls on a field of brown(Tenné, nine seagulls argent, 3, 3, 2, 1)",,,
352,House Slate of Blackpool,The North,"Pale grey, a double tressure white",,,
353,House Sloane,The Reach,"Per pale, white stars strewn on indigo, an orange sun on yellow",,,
354,House Slynt of Harrenhal,None,"A bloody gold spear, on a black field, within a checkered gold and black border(Sable, a spear or, tipped gules, within a bordure chequy of the field and of the second)",,298 AC,
355,House Smallwood of Acorn Hall,The Riverlands,"Six brown acorns, on a yellow field(Or, six acorns, 3, 2, 1, tenné)","From These Beginnings",,
356,House Sparr of Great Wyk,Iron Islands,"an oak saltire on blue",,,
357,House Spicer of Castamere,The Westerlands,"Three black pepperpots on a saffron bend, across a field of green and silver stripes (Paly vert and argent, three pepperpots sable on a bend tenné)",,,
358,House Stackhouse,The Reach,,,,
359,House Stackspear,The Westerlands,"Two crossed black spears, on a checkered silver and gold field(Chequy argent and or, two spears in saltire sable)",,,
360,House Staedmon of Broad Arch,The Stormlands,"A black dagger piercing a red heart on a white de sang field, within an undulating red border(Argent goutté-de-sang, a heart gules transfixed by a dagger sable, all within a bordure wavy of the second)",,,
361,House Stane of Driftwood Hall,The North,"A driftwood tree, bare and brown, on pale green",,,
362,House Stark of Winterfell,The North,"A running grey direwolf, on an ice-white field","Winter is Coming",Age of Heroes,
363,House Staunton of Rook's Rest,The Crownlands,"two black wings upon a white fess on checkered black and grey",,,
364,House Stokeworth of Stokeworth,The Crownlands,"Vert, a lamb couchant argent holding a goblet or","Proud to be Faithful",,
365,House Stonehouse of Old Wyk,Iron Islands,"a black brazier on a grey masonry field",,,
366,House Stonetree of Harlaw,Iron Islands,"A bare stone tree, grey on black",,,
367,House Stout of Goldgrass,The North,"Chevronny tenné and Or",,,
368,House Strickland,,,,,
369,House Strong of Harrenhal,The Riverlands,"A tripartite pale, blue, red, and green, on a white field(Argent, a pale tierced per pale azure, gules, and vert)",,,131 AC
370,House Sunderland of the Three Sisters,The Vale,"Three women's heads, white with black hair, on a barry wavy blue and green field(Barry wavy azure and vert, three women's heads argents, crined sable)",,,
371,House Sunderly of Saltcliffe,Iron Islands,"A drowned man, pink and pale, floating upright in a blue-green sea",,,
372,House Sunglass of Sweetport Sound,The Crownlands,"Argent, seven mullets of seven points or",,,
373,House Swann of Stonehelm,The Stormlands,"Battling swans black and white, beaks and feet golden, on per pale white and black field(Per pale argent and sable, two swans combatant counterchanged, beaked and membered or)",,,
374,House Swyft of Cornfield,The Westerlands,"A blue bantam rooster, on a yellow field(Or, a cock close azure)","Awake! Awake!",,
375,House Swygert,The Stormlands,"A white scroll with gold knobs, on a purple field within a white tressure(Purpure a scroll argent, knobbed or, within a tressure of the second)","Truth Conquers",,
376,House Tallhart of Torrhen's Square,The North,"Tenny, three sentinel trees vert","Proud and Free",,
377,House Tarbeck of Tarbeck Hall,The Westerlands,"A seven-pointed star, parts silver parts blue, on a silver and blue field(Gyronny argent and azure, a star of seven points counterchanged)",,,261 AC
378,House Targaryen of King's Landing,The Crownlands,"Sable, a dragon thrice-headed gules","Fire and Blood",House Targaryen: >114 BCHouse Targaryen of King's Landing:1 AC,
379,House Tarly of Horn Hill,The Reach,"Vert, a huntsman striding to dexter proper garbed gules","First in Battle",,
380,House Tarth of Evenfall Hall,The Stormlands,"Quartered, yellow sun on a rose-coloured field and white crescents on a blue field(Quarterly, first and fourth, carnation, a sun-in-splendour or, second and third, azure, a moon increscent argent)",,,
381,House Tawney of Orkmont,Iron Islands,"A scourge of nettles, red and black, on white",,,
382,House Teague,The Riverlands,"A golden trident upright between two golden flanches, on a black field(Sable, between two flaunches a trident erect or)",,,Battle of Six Kings
383,House Templeton,,"Nine stars, one of seven points and eight of six points, on a gold saltire, on a black field(Sable, on a saltire or, nine mullets of the field, that in fesse-point of seven points, all others of six points)",,,
384,House Terrick,The Riverlands,"Per saltire purple and gold, four hawks' heads countercharged(Per saltire purpure and or, four hawks' heads counterchanged)",,,
385,House Thenn,The North,"Argent, a sun in splendour gules",,300 AC,
386,House Thorne,The Crownlands,"Gules, a flail argent within an bordure rayonne sable",,,
387,House Toland of Ghost Hill,Dorne,"Or, a dragon biting its tail vert",,,
388,House Tollett of the Grey Glen,The Vale,"Pily grey and black(Pily cendrée and sable)","When All is Darkest",,
389,House Torrent of Littlesister,The Vale,,,,
390,House Towers,The North,,,,
391,House Towers of Harrenhal,The Riverlands,"Five black towers within a red and black double tressure, on a white field(Argent, five towers sable within a double-tressure, the outer gules and the inner of the second)",,,
392,House Toyne,The Stormlands,"A black winged heart, on a gold field, within a black embattled borderOr, a winged heart within a bordure embattled sable)","Fly High, Fly Far",,281 AC in Westeros296 AC in Essos
393,House Trant of Gallowsgrey,The Stormlands,"A black hanged man, on a blue field(Azure, a hanged man sable)","So End Our Foes",,
394,House Tudbury,The Stormlands,"A brown tortoise within a yellow lozenge, on a green field(Vert, on a lozenge or a tortoise tergiant tenné)",,,
395,House Tully of Riverrun,The Riverlands,"A leaping silver trout on a field of blue and mud red(Paly wavy azure and gules, a trout embowed argent)","Family, Duty, Honor",,
396,House Turnberry,The Westerlands,"Nine strawberries on a white saltire, on a field of green and red vairy in point(Vairy-in-point vert and gules, on a saltire argent nine strawberries of the second)",,,
397,House Tyrell of Brightwater Keep,The Reach,,,299 AC,
398,House Tyrell of Highgarden,The Reach,"Vert, a rose Or","Growing Strong",,
399,House Uffering,The Reach,"Paly tenné and cendrée, upon a chief argent seven hands couped vert",,,
400,House Uller of Hellholt,Dorne,"per fess rayonny Or and gules",,,
401,House Umber of the Last Hearth,The North,"Gules, a roaring giant proper with shattered chains argent",,,
402,House Upcliff,The Vale,"A cresting sea-green wave, on a black field(Sable, a wave cresting vert)",,,
403,House Vaith of the Red Dunes,Dorne,"Tenny, on a pile Or three leopards statant sable",,Andal Invasion,
404,House Vance of Atranta,The Riverlands,"Quartered, a green dragon on a white field and a white tower on a black field(Quarterly, first and fourth, argent, a dragon vert, second and third, sable, a tower argent)",,,
405,House Vance of Wayfarer's Rest,The Riverlands,"Quartered, a black dragon on a white field and two golden eyes in a golden ring on a black field(Quarterly, first and fourth, argent, a dragon sable, second and third, sable, a pair of eyes within an annulet or)",,,
406,House Varner,The Reach,"Ermines, a weasel argent",,,
407,House Velaryon of Driftmark,The Crownlands,"seahorse rampant argent, on sea green","The Old, the True, the Brave",prior to 114BC,
408,House Vikary,The Westerlands,"Quarterly: a red boar's head on a white field; beneath a gold bend sinister, a silver lion rampant regardant with a forked tail, with gold teeth and claws, on a red field.",,,
409,House Volmark,Iron Islands,"Cendrée, a leviathan sable",,,
410,House Vypren,,"A black toad on white lily pad, on a green field(Vert, a toad sable atop a lilypad argent)",,,
411,House Vyrwel of Darkdell,The Reach,"a silver wyvern within a red double tressure on sable",,,
412,House Wade,Dorne,,,,
413,House Wagstaff,The Stormlands,"Five yellow mascles, on a green field(Vert, five mascles in fess or)",,,
414,House Waterman,The North,"Argent, two oars saltirewise tenny between as many flaunces azure",,,
415,House Waxley of Wickenden,The Vale,"Three candles, white with red flames, within silver candle holders, on a grey field within a black border(Cendrée, three candles in holders argent, flamed gules, within a bordure sable)","Light in Darkness",,
416,House Wayn,The Riverlands,"Four wheels counterchanged on a quartered blue and white field(Quarterly azure and argent, four wheels counterchanged)",,,
417,House Waynwood of Ironoaks,The Vale,"A broken black wheel, on a green field(Vert, a wheel broken sable)",,,
418,House Weaver,Iron Islands,,,,
419,House Webber of Coldmoat,The Reach,"Sable, a cobweb argent thereon a spider gules",,,
420,House Wells,Dorne,,,,
421,House Wells,The North,"Per fess cendrée and lozengy argent and vert, in chief five pellets",,,
422,House Wendwater,The Crownlands,"A green engrailed pall, inverted on white, dividing three trees, green, red and bare","For All Seasons",,
423,House Wensington,The Stormlands,"Two golden trumpets crossed on a blue field, beneath a gold chief with three black stags(Azure, two trumpets saltirewise or, on a chief of the second three stags salient sable)","Sound The Charge",,
424,House Westbrook,The Reach,"Two green bars gemmel on gold",,,
425,House Westerling of the Crag,The Westerlands,"Six white shells, on a sand-coloured field(Or, six escallops argent)","Honor, Not Honors",,
426,House Westford,The Westerlands,"A black dog on blue",,,
427,House Whent of Harrenhal,The Riverlands,"Nine black bats, on a yellow field(Or, nine bats, 4, 3, 2, displayed sable)",,,
428,House Whitehill,The North,"A white pile inverted on indigo, an arch of 4-pointed stars above",,,
429,House Willum,The Reach,"three silver longswords crossed on black beneath a dragonbone skeleton on a white chief",,,
430,House Wode,The Riverlands,"Three white hedgehogs, on a yellow field(Or, three hedgehogs argent)","Touch Me Not",,
431,House Woodfoot of Bear Island,The North,,,,
432,House Woods,The North,,,,
433,House Woodwright,The Reach,"A red pall on a field of oak",,,
434,House Woolfield,The North,"Three woolsacks, white on purple, a white border",,,
435,House Wull,The North,"Azure, three wooden buckets tenné, a bordure chequy cendrée and white",,,
436,House Wydman,The Vale,"Five splintered lances, 3, 2, striped blue and white with blue pennons, on a yellow field, beneath a white chief bearing a red castle, a green viper, a black broken wheel, a purple unicorn and a yellow lion.","Right Conquers Might",,
437,House Wyl of the Boneway,Dorne,"A black adder biting a heel on yellow",,,
438,House Wylde of Rain House,The Stormlands,"A blue-green maelstrom, on a gold field(Or, a maelstrom azure)",,,
439,House Wynch of Iron Holt,Iron Islands,"a bloody moon on purple",,,
440,House Wythers,The Reach,"a grey squirrel on white with red border",,,
441,House Yarwyck,The Westerlands,"Two bronze halberds crossed between four red diamonds, on a white field(Argent, two halberds saltirewise tenné, hafted sable, between four lozenges gules)",,,
442,House Yelshire,The Reach,"Barry vert and Or, on a chief sable a battering-ram proper headed Or",,,
443,House Yew,The Westerlands,"A golden longbow between two crimson flaunches, on a white field(Argent, a longbow or between two flaunches gules)",,,
444,House Yronwood of Yronwood,Dorne,"Or, a portcullis sable","We Guard the Way",,